,rua,freguesia,coordenadas
0,Alameda Arnaldo Gama,Vilarinho,"(20, 20)"
1,Alameda Engenheiro João Mallen Júnior,Guimarei,"(114, 33)"
2,Alameda João Paulo II,Agrela,"(156, 32)"
3,Avenida 4 de Abril de 1955,Vilarinho,"(58, 99)"
4,Avenida Abade Pedrosa,S.Tomé Negrelos,"(73, 162)"
5,Avenida Carneiro Pacheco,Água Longa,"(79, 193)"
6,Avenida Comendador Manuel Almeida,Riba de Ave,"(5, 119)"
7,Avenida Comendador Silva Araújo,Lamelas,"(20, 113)"
8,Avenida Conde Vizela,Palmeira,"(190, 185)"
9,Avenida Doutor Délio Santarém,Sequeirô,"(25, 36)"
10,Avenida da Igreja,Vilarinho,"(86, 22)"
11,Avenida de Paradela,Vila das Aves,"(79, 151)"
12,Avenida de São Rosendo,Santo Tirso,"(23, 132)"
13,Calçada Alípio Gato,Agrela,"(89, 146)"
14,Calçada Devesa,Reguenga,"(110, 118)"
15,Calçada da Ameixoeira,S. Tiago da Carreira,"(71, 113)"
16,Calçada de Borreiros,Vilarinho,"(135, 141)"
17,Calçada do Agrelo,Água Longa,"(157, 42)"
18,Calçada do Caramulo,S.Tomé Negrelos,"(152, 24)"
19,Complexo Habitacional de Ringe,Monte Córdova,"(167, 13)"
20,Largo Antigos Combatentes,Rebordões,"(74, 74)"
21,Largo Carneiro Pacheco,Palmeira,"(156, 61)"
22,Largo Conde de São Bento,Roriz,"(93, 105)"
23,Largo Coronel Baptista Coelho,Rebordões,"(37, 135)"
24,Largo Dr. Braga da Cruz,Riba de Ave,"(133, 71)"
25,Largo da Fábrica Rio Vizela,Água Longa,"(57, 51)"
26,Largo da Laranjeira,Roriz,"(98, 123)"
27,Largo da Menguela,Água Longa,"(165, 28)"
28,Largo da Moutela,Refojos,"(184, 128)"
29,Largo da Tojela,Palmeira,"(7, 196)"
30,Largo da Tulha,Vila das Aves,"(39, 184)"
31,Largo de Domingos Moreira,Refojos,"(88, 140)"
32,Largo do Facho,Água Longa,"(127, 90)"
33,Largo do Senhor do Calvário,Riba de Ave,"(12, 99)"
34,Largo do Souto,Burgães,"(37, 137)"
35,Ponte Romana de Negrelos,Couto (S. Cristina e S. Miguel),"(178, 114)"
36,Ponte da Pingela,Vila Nova do Campo,"(132, 39)"
37,Ponte do Arquinho,Areias,"(45, 45)"
38,Praceta Palácio da Justiça,Agrela,"(180, 112)"
39,Praça Camilo Castelo Branco,Riba de Ave,"(5, 71)"
40,Praça Conde São Bento,S. Tiago da Carreira,"(148, 68)"
41,Praça General Humberto Delgado,Rebordões,"(115, 51)"
42,Praça Vasco da Gama,Rebordões,"(11, 142)"
43,Praça de Bom Nome,Lamelas,"(134, 33)"
44,Rua 21 de Julho,Couto (S. Cristina e S. Miguel),"(78, 149)"
45,Rua 25 de Abril,Sequeirô,"(55, 26)"
46,Rua 5 de Outubro,Areias,"(65, 28)"
47,Rua APPACDM,Areias,"(153, 89)"
48,Rua Abel Alves de Figueiredo,Riba de Ave,"(83, 189)"
49,Rua Abílio José da Costa,Palmeira,"(123, 160)"
50,Rua Acampamento do Rego,Sequeirô,"(2, 142)"
51,Rua Adelino Francisco de Araújo,Refojos,"(108, 139)"
52,Rua Albino Sousa Cruz,S.Tomé Negrelos,"(3, 188)"
53,Rua Alexandre Herculano,Agrela,"(76, 151)"
54,Rua Almeida Garret,Guimarei,"(111, 93)"
55,Rua Alto da Cruz,Areias,"(162, 11)"
56,Rua Alto do Monte,Guimarei,"(48, 193)"
57,Rua Além Rio,Santo Tirso,"(128, 95)"
58,Rua Além-Rio,Monte Córdova,"(30, 27)"
59,Rua Amândio Machado Monteiro,Água Longa,"(50, 197)"
60,Rua Américo Gonçalves,S.Tomé Negrelos,"(120, 125)"
61,Rua Américo Martins Coelho,Areias,"(71, 95)"
62,Rua Antero de Quental,Água Longa,"(165, 117)"
63,Rua António Abreu Machado,Palmeira,"(146, 20)"
64,Rua António Aleixo,Reguenga,"(179, 144)"
65,Rua António José Borges Silva Telles,Santo Tirso,"(58, 41)"
66,Rua António Martins Ribeiro,Reguenga,"(6, 127)"
67,Rua António Silva,Couto (S. Cristina e S. Miguel),"(6, 34)"
68,Rua António Sérgio,Vila das Aves,"(78, 195)"
69,Rua Armando Martins Ferreira,Palmeira,"(175, 98)"
70,Rua Audiência,Guimarei,"(64, 10)"
71,Rua Augusto Marques,S.Tomé Negrelos,"(53, 55)"
72,Rua B da Sobreira,Refojos,"(179, 147)"
73,Rua Bandeira,Lama,"(25, 46)"
74,Rua Bartolomeu Dias,Roriz,"(44, 9)"
75,Rua Basílio Macedo,Sequeirô,"(35, 149)"
76,Rua Bernardino Gomes,Lama,"(191, 9)"
77,Rua Casal D'Ufe,Água Longa,"(180, 42)"
78,Rua Castro Pedras,Vilarinho,"(118, 30)"
79,Rua Centenário,Vila Nova do Campo,"(40, 49)"
80,Rua Central de Redundo,Palmeira,"(151, 42)"
81,Rua Comendador António Maria Lopes,Lama,"(189, 96)"
82,Rua Delfim Ferreira Souto,Roriz,"(120, 62)"
83,Rua Dom Afonso Henriques,Guimarei,"(172, 182)"
84,Rua Dom Américo,Riba de Ave,"(200, 101)"
85,Rua Dom Nuno Álvares Pereira,Lamelas,"(145, 134)"
86,Rua Dona Eugénia M. Fernandes,Vilarinho,"(170, 132)"
87,Rua Dona Eva Machado Guimarães,Sequeirô,"(182, 126)"
88,Rua Dona Maria da Conceição Ribeiro de Oliveira,Palmeira,"(124, 180)"
89,Rua Doutor Alves e Castro,Guimarei,"(5, 93)"
90,Rua Doutor Artur Guimarães,S. Tiago da Carreira,"(65, 163)"
91,Rua Doutor Francisco Queirós Machado,Burgães,"(19, 54)"
92,Rua Doutor Francisco Sá Carneiro,Vilarinho,"(81, 132)"
93,Rua Doutor Germano Pimenta,Areias,"(37, 65)"
94,Rua Doutor Joaquim Ferreira,Lamelas,"(164, 49)"
95,Rua Doutor José Cardoso de Miranda,Sequeirô,"(25, 90)"
96,Rua Doutor João Gonçalves ,Burgães,"(19, 147)"
97,Rua Doutor Luis de Fontela,Água Longa,"(83, 147)"
98,Rua Doutor Manuel Cruz,Lamelas,"(118, 151)"
99,Rua Doutor Manuel da Silva Mendes,Riba de Ave,"(3, 80)"
100,Rua Doutor Oliveira Salazar,Lama,"(10, 95)"
101,Rua Egas Moniz,Palmeira,"(153, 18)"
102,Rua Encosta Nascente,Burgães,"(110, 124)"
103,Rua Engenheiro Fernando da Silva Coelho,Reguenga,"(42, 137)"
104,Rua Entre Estradas,Reguenga,"(54, 127)"
105,Rua Escuteiros,Areias,"(112, 119)"
106,Rua Eça de Queiroz,Monte Córdova,"(182, 15)"
107,Rua Fernando Pinheiro da Rocha,Rebordões,"(117, 110)"
108,Rua Fernão Lopes,Monte Córdova,"(20, 63)"
109,Rua Ferreira de Castro,Vila Nova do Campo,"(121, 179)"
110,Rua Ferreira de Lemos,S. Tiago da Carreira,"(117, 56)"
111,Rua Fonte da Carvalheira,Rebordões,"(119, 156)"
112,Rua Fonte de Quintão,S. Tiago da Carreira,"(9, 143)"
113,Rua Formosa,Burgães,"(182, 36)"
114,Rua Gabriel Cardoso de Miranda,Reguenga,"(155, 188)"
115,Rua Gen. Humberto Delgado,Reguenga,"(89, 68)"
116,Rua General Humberto Delgado,S.Tomé Negrelos,"(13, 73)"
117,Rua Gil Eanes,Lama,"(166, 157)"
118,Rua Gomes Ferreira,Santo Tirso,"(97, 19)"
119,Rua Gordaz,Vila Nova do Campo,"(172, 57)"
120,Rua Granjas,Burgães,"(33, 65)"
121,Rua Gurada,Vilarinho,"(187, 43)"
122,Rua Honoré,Reguenga,"(165, 20)"
123,Rua Idalinda Machado da Silva,Lama,"(196, 147)"
124,Rua Infante Dom Henrique,Guimarei,"(139, 117)"
125,Rua Instituto Nun'Álvares,Vilarinho,"(89, 78)"
126,Rua Jaime Sampayo,Agrela,"(146, 125)"
127,Rua José Luís Dias Barbosa,Vilarinho,"(38, 65)"
128,Rua José Luís de Andrade,S. Tiago da Carreira,"(171, 89)"
129,Rua José Machado Narciso Guimarães,Rebordões,"(34, 137)"
130,Rua José Pedrosa Balsemão,Lamelas,"(12, 175)"
131,Rua João Bento Padilha,S.Tomé Negrelos,"(82, 101)"
132,Rua Júlio Maria Martins da Costa,Vilarinho,"(21, 167)"
133,Rua Lindinha Lucas,S. Tiago da Carreira,"(52, 42)"
134,Rua Luís Gonzaga Mendes Carvalho,S. Tiago da Carreira,"(99, 112)"
135,Rua Luís Machado,Agrela,"(170, 14)"
136,Rua Luís de Camões,Vilarinho,"(159, 74)"
137,Rua Major de Diniz,S. Tiago da Carreira,"(36, 60)"
138,Rua Manuel Afonso da Silva,Rebordões,"(86, 90)"
139,Rua Manuel Cirne,Roriz,"(74, 3)"
140,Rua Manuel Moreira Garcia,Água Longa,"(69, 187)"
141,Rua Manuel da Sousa Oliveira,Burgães,"(87, 57)"
142,Rua Manuel de Sousa Ribeiro,Riba de Ave,"(178, 103)"
143,Rua Mestre Escola,Riba de Ave,"(116, 144)"
144,Rua Miguel Torga,Lamelas,"(192, 171)"
145,Rua Mira Rio,Monte Córdova,"(66, 173)"
146,Rua Monsenhor José Ferreira,Guimarei,"(127, 91)"
147,Rua Montalvão Machado,Rebordões,"(82, 164)"
148,Rua Mosteiro Santa Escolástica,S.Tomé Negrelos,"(47, 181)"
149,Rua Mosteiro de Roriz,Lama,"(40, 108)"
150,Rua Mouros,Roriz,"(4, 43)"
151,Rua Mártir Tirso,Agrela,"(148, 74)"
152,Rua Mãe d'Água,Guimarei,"(129, 84)"
153,Rua Narciso José Machado Guimarães,Burgães,"(176, 40)"
154,Rua Nascente do Rio Leça,Refojos,"(187, 156)"
155,Rua Nossa Senhora da Guia,Refojos,"(108, 128)"
156,Rua Nossa Senhora das Dores,Guimarei,"(185, 66)"
157,Rua Nossa Senhora de Fátima,Água Longa,"(40, 165)"
158,Rua Nossa Senhora de Valinhas,Reguenga,"(123, 12)"
159,Rua Nova,Rebordões,"(55, 146)"
160,Rua Nova da Telheira,Couto (S. Cristina e S. Miguel),"(26, 115)"
161,Rua Nova de Argemil,Vila das Aves,"(91, 159)"
162,Rua Nova de Poldrães,Vila das Aves,"(52, 72)"
163,Rua Nova do Facho,Roriz,"(13, 66)"
164,Rua Padre Arnaldo,Burgães,"(67, 89)"
165,Rua Padre Manuel Jesus Gomes,Lamelas,"(183, 145)"
166,Rua Papa João XXIII,Lama,"(163, 93)"
167,Rua Pedro Dioga,Rebordões,"(61, 24)"
168,Rua Pedro Homem de Melo,S. Tiago da Carreira,"(126, 70)"
169,Rua Pedro Nunes,Vila Nova do Campo,"(183, 106)"
170,Rua Pedro Álvares Cabral,Guimarei,"(139, 29)"
171,Rua Presa de Guindes,Refojos,"(15, 67)"
172,Rua Primeiro de Maio,Sequeirô,"(52, 10)"
173,Rua Professor Doutor Augusto Pires de Lima,Lama,"(146, 157)"
174,Rua Professor Egas Moniz,Água Longa,"(193, 189)"
175,Rua Professor Hermano Padrão,Riba de Ave,"(114, 111)"
176,Rua Professor Mário Figueiredo,S.Tomé Negrelos,"(143, 171)"
177,Rua Professor Torcato Portela,Lamelas,"(100, 36)"
178,Rua Professora Zulmira,Água Longa,"(61, 172)"
179,Rua Pé de Prata,Sequeirô,"(13, 141)"
180,Rua Quinta da Fonte,Sequeirô,"(10, 146)"
181,Rua Ribeiro dos Anjos,Riba de Ave,"(7, 187)"
182,Rua Rosinha,Burgães,"(78, 121)"
183,Rua Rufino Cavadas,Vila Nova do Campo,"(11, 9)"
184,Rua Santo Honorato,Couto (S. Cristina e S. Miguel),"(147, 193)"
185,Rua Santo Isidro,Sequeirô,"(47, 54)"
186,Rua Seca da Costa,Rebordões,"(158, 62)"
187,Rua Senhora da Saúde,Santo Tirso,"(172, 28)"
188,Rua Senhora de Fátima,Vila das Aves,"(71, 38)"
189,Rua Senhora do Padrão,Lamelas,"(46, 164)"
190,Rua Silva Araújo,Couto (S. Cristina e S. Miguel),"(67, 36)"
191,Rua Sousa Trêpa,Areias,"(173, 1)"
192,Rua São Cristóvão,Lama,"(106, 154)"
193,Rua São Miguel,Monte Córdova,"(145, 38)"
194,Rua São Pedro,Sequeirô,"(139, 121)"
195,Rua Torrão,Rebordões,"(177, 192)"
196,Rua Vale do Sino,Agrela,"(74, 173)"
197,Rua Victor Haeltich,Lama,"(37, 68)"
198,Rua Visconde de Cantim,Riba de Ave,"(50, 116)"
199,Rua Zulmira de Azevedo,Refojos,"(104, 148)"
200,Rua da Agra,Palmeira,"(76, 58)"
201,Rua da Agra de Santa Maria,S.Tomé Negrelos,"(113, 147)"
202,Rua da Agra do Ginjo,Água Longa,"(148, 36)"
203,Rua da Agrinha,Rebordões,"(59, 14)"
204,Rua da Aldeia,Lamelas,"(42, 198)"
205,Rua da Aldeia Nova,S.Tomé Negrelos,"(110, 70)"
206,Rua da Aldeia do Monte,S.Tomé Negrelos,"(132, 146)"
207,Rua da Alegria,Riba de Ave,"(155, 47)"
208,Rua da Ameixoeira,Rebordões,"(27, 79)"
209,Rua da Azenha,Água Longa,"(14, 184)"
210,Rua da Baixia,Lamelas,"(80, 35)"
211,Rua da Bandeira,Água Longa,"(114, 190)"
212,Rua da Barreira,Reguenga,"(152, 50)"
213,Rua da Bela,Roriz,"(10, 133)"
214,Rua da Bela Vista,Areias,"(97, 135)"
215,Rua da Boa Vista,Guimarei,"(59, 94)"
216,Rua da Boavista,Vila Nova do Campo,"(189, 34)"
217,Rua da Boca,Sequeirô,"(105, 16)"
218,Rua da Boloca,Sequeirô,"(52, 132)"
219,Rua da Bóca,Riba de Ave,"(101, 5)"
220,Rua da Capela,Refojos,"(18, 9)"
221,Rua da Carvoeira de Baixo,Couto (S. Cristina e S. Miguel),"(72, 64)"
222,Rua da Carvoeira de Cima,Vila Nova do Campo,"(182, 137)"
223,Rua da Casa Nova,Vilarinho,"(153, 145)"
224,Rua da Cavadinha,Sequeirô,"(199, 139)"
225,Rua da Cedofeita,Guimarei,"(108, 90)"
226,Rua da Chão,Monte Córdova,"(38, 21)"
227,Rua da Codeçosa,Areias,"(61, 57)"
228,Rua da Coroa,Rebordões,"(156, 79)"
229,Rua da Cruz,S. Tiago da Carreira,"(67, 2)"
230,Rua da Cruzinha,S.Tomé Negrelos,"(151, 160)"
231,Rua da Degodrinha,Couto (S. Cristina e S. Miguel),"(132, 74)"
232,Rua da Devessa,Guimarei,"(39, 8)"
233,Rua da Encosta,Riba de Ave,"(145, 35)"
234,Rua da Encosta das Ínsuas,Guimarei,"(104, 195)"
235,Rua da Escola Secundária,Roriz,"(186, 25)"
236,Rua da Escola Velha,Vila das Aves,"(22, 105)"
237,Rua da Escola da Abelha,Monte Córdova,"(33, 144)"
238,Rua da Escola do Monte,Rebordões,"(10, 180)"
239,Rua da Estrada Real,Palmeira,"(58, 26)"
240,Rua da Fabrica,Roriz,"(183, 121)"
241,Rua da Fagilde,Rebordões,"(170, 153)"
242,Rua da Feiteira,Agrela,"(59, 50)"
243,Rua da Flor do Vau,Monte Córdova,"(13, 158)"
244,Rua da Fonte,Couto (S. Cristina e S. Miguel),"(132, 14)"
245,Rua da Fonte de Casais,Vilarinho,"(12, 65)"
246,Rua da Fonte dos Arnelos,Couto (S. Cristina e S. Miguel),"(108, 18)"
247,Rua da Fontinha,Riba de Ave,"(177, 41)"
248,Rua da Formosa,Vila Nova do Campo,"(80, 54)"
249,Rua da Frieira,Vila Nova do Campo,"(41, 148)"
250,Rua da Fábrica,S. Tiago da Carreira,"(123, 103)"
251,Rua da Fábrica Flor do Campo,Reguenga,"(126, 187)"
252,Rua da Gaiola,Guimarei,"(193, 48)"
253,Rua da Gandarinha,Palmeira,"(36, 167)"
254,Rua da Gandra,Vila das Aves,"(169, 37)"
255,Rua da Giesteira,Riba de Ave,"(168, 62)"
256,Rua da Ginja,Vila Nova do Campo,"(160, 198)"
257,Rua da Granja,Refojos,"(95, 143)"
258,Rua da Guarda,Rebordões,"(186, 155)"
259,Rua da Igreja,Monte Córdova,"(153, 45)"
260,Rua da Indústria,Lamelas,"(127, 144)"
261,Rua da Lage,Lama,"(152, 95)"
262,Rua da Lagoa,Vila Nova do Campo,"(81, 97)"
263,Rua da Lameira,Palmeira,"(107, 136)"
264,Rua da Liberdade,Lama,"(97, 51)"
265,Rua da Mina,Palmeira,"(110, 127)"
266,Rua da Misericórdia,Lama,"(32, 150)"
267,Rua da Moreira,Reguenga,"(13, 116)"
268,Rua da Mouteira,Sequeirô,"(4, 65)"
269,Rua da Moutela,Riba de Ave,"(54, 190)"
270,Rua da Nossa Senhora da Conceição,Roriz,"(105, 112)"
271,Rua da Nossa Senhora de Fátima,Água Longa,"(11, 184)"
272,Rua da Parada,Burgães,"(91, 18)"
273,Rua da Passagem,Monte Córdova,"(170, 13)"
274,Rua da Passarada,Sequeirô,"(140, 183)"
275,Rua da Paz,Refojos,"(150, 8)"
276,Rua da Pedreira,Vila Nova do Campo,"(159, 183)"
277,Rua da Piedade,Santo Tirso,"(149, 156)"
278,Rua da Ponte,S. Tiago da Carreira,"(52, 70)"
279,Rua da Ponte Nova,S.Tomé Negrelos,"(40, 147)"
280,Rua da Ponte Velha,Areias,"(119, 130)"
281,Rua da Ponte da Pinguela,Lama,"(110, 13)"
282,Rua da Portela,Vila das Aves,"(59, 29)"
283,Rua da Poupa,Vila das Aves,"(155, 186)"
284,Rua da Presa da Ribeira,S.Tomé Negrelos,"(7, 40)"
285,Rua da Presa de Dom Fernando,Lamelas,"(156, 165)"
286,Rua da Quebrada,Vilarinho,"(82, 175)"
287,Rua da Quelha,Reguenga,"(117, 25)"
288,Rua da Quelha da Presa,Couto (S. Cristina e S. Miguel),"(70, 63)"
289,Rua da Quinta,Areias,"(199, 163)"
290,Rua da Quinta D'Além,Rebordões,"(135, 194)"
291,Rua da Quinta do Couço,Reguenga,"(119, 105)"
292,Rua da Quinta do Olival,Burgães,"(73, 94)"
293,Rua da Rabada,Lamelas,"(74, 166)"
294,Rua da Rainha,Areias,"(89, 7)"
295,Rua da Regueira,Areias,"(156, 106)"
296,Rua da República,Palmeira,"(109, 4)"
297,Rua da Revolta,Lama,"(73, 180)"
298,Rua da Ribeira,Lama,"(10, 106)"
299,Rua da Ribeira do Pisão,S. Tiago da Carreira,"(155, 55)"
300,Rua da Sande,Roriz,"(164, 115)"
301,Rua da Sanguinha,Burgães,"(84, 67)"
302,Rua da Sede da Junta,Couto (S. Cristina e S. Miguel),"(142, 98)"
303,Rua da Tapada,Burgães,"(5, 151)"
304,Rua da Telha,Sequeirô,"(147, 80)"
305,Rua da Torna,Vila das Aves,"(131, 103)"
306,Rua da Trindade,Guimarei,"(57, 150)"
307,Rua da Urbanização da Junta,Reguenga,"(159, 42)"
308,Rua da Varziela,Sequeirô,"(1, 187)"
309,Rua da Veiga,Sequeirô,"(147, 52)"
310,Rua da Via Romana,Lamelas,"(184, 180)"
311,Rua da Vila,Santo Tirso,"(168, 85)"
312,Rua da Vinha,Couto (S. Cristina e S. Miguel),"(96, 139)"
313,Rua da Visitação,Burgães,"(53, 161)"
314,Rua da Vista Alegre,Sequeirô,"(39, 192)"
315,Rua das Acácias,Lamelas,"(115, 109)"
316,Rua das Agras,Agrela,"(6, 190)"
317,Rua das Almas,Guimarei,"(120, 82)"
318,Rua das Alminhas,S.Tomé Negrelos,"(7, 173)"
319,Rua das Andorinhas,Lama,"(64, 115)"
320,Rua das Aves,Guimarei,"(77, 198)"
321,Rua das Balgas,Areias,"(182, 55)"
322,Rua das Barreiras,S.Tomé Negrelos,"(83, 89)"
323,Rua das Bocas,Água Longa,"(137, 167)"
324,Rua das Caiadeiras,Vilarinho,"(176, 121)"
325,Rua das Carvalheiras,Água Longa,"(171, 174)"
326,Rua das Cerejeiras,Roriz,"(189, 131)"
327,Rua das Colónias,Santo Tirso,"(66, 101)"
328,Rua das Cruzes,Roriz,"(128, 126)"
329,Rua das Escolas,Monte Córdova,"(100, 169)"
330,Rua das Flores,Monte Córdova,"(144, 28)"
331,Rua das Fontainhas,Lamelas,"(11, 122)"
332,Rua das Fontaínhas,Monte Córdova,"(188, 172)"
333,Rua das Fontes,S.Tomé Negrelos,"(149, 70)"
334,Rua das Franciscanas Hospitaleiras,Areias,"(101, 31)"
335,Rua das Laranjeiras,Lama,"(57, 186)"
336,Rua das Magnólias,Água Longa,"(86, 45)"
337,Rua das Oliveiras,Água Longa,"(130, 189)"
338,Rua das Padassas,Areias,"(195, 93)"
339,Rua das Paredes,S. Tiago da Carreira,"(178, 129)"
340,Rua das Pedras Bastas,Roriz,"(180, 128)"
341,Rua das Pombinhas,S.Tomé Negrelos,"(38, 180)"
342,Rua das Portelinhas,S.Tomé Negrelos,"(174, 61)"
343,Rua das Rosas,Palmeira,"(146, 86)"
344,Rua das Tapadas,Palmeira,"(159, 49)"
345,Rua das Termas,Burgães,"(159, 94)"
346,Rua das Tilias,S. Tiago da Carreira,"(116, 10)"
347,Rua das Tílias,Sequeirô,"(169, 165)"
348,Rua de Agrocôvo,Agrela,"(11, 68)"
349,Rua de Alberto Pimentel,Agrela,"(140, 142)"
350,Rua de Aldeia Nova,Agrela,"(49, 198)"
351,Rua de Bonjardim,Lamelas,"(53, 176)"
352,Rua de Bougado,Burgães,"(83, 57)"
353,Rua de Caldelas,Rebordões,"(107, 161)"
354,Rua de Camilo Castelo Branco,Agrela,"(124, 20)"
355,Rua de Camões,S. Tiago da Carreira,"(138, 114)"
356,Rua de Cavelos,Rebordões,"(79, 59)"
357,Rua de Cela,Riba de Ave,"(36, 196)"
358,Rua de Celanova,Couto (S. Cristina e S. Miguel),"(177, 177)"
359,Rua de Cence,Riba de Ave,"(34, 80)"
360,Rua de Cima,Rebordões,"(28, 102)"
361,Rua de Clichy,Riba de Ave,"(167, 69)"
362,Rua de Cortinhas,Vila Nova do Campo,"(145, 74)"
363,Rua de Covas,Lamelas,"(174, 130)"
364,Rua de Covelo,Refojos,"(116, 3)"
365,Rua de Cubículo,Agrela,"(123, 142)"
366,Rua de Devesinhas,Burgães,"(7, 73)"
367,Rua de Dona Maria do Carmo Azevedo,Areias,"(155, 153)"
368,Rua de Fagilde,S.Tomé Negrelos,"(7, 88)"
369,Rua de Fermozém,Agrela,"(136, 71)"
370,Rua de Fernando Pessoa,Sequeirô,"(111, 174)"
371,Rua de Fontes Secas,Lama,"(165, 30)"
372,Rua de Forjães,Vilarinho,"(177, 21)"
373,Rua de Francisco Moreira,Riba de Ave,"(79, 1)"
374,Rua de Friães de Baixo,Roriz,"(77, 85)"
375,Rua de Friães de Cima,Couto (S. Cristina e S. Miguel),"(130, 186)"
376,Rua de Gonçalves Zarco,Rebordões,"(136, 133)"
377,Rua de Gross Umstadt,Burgães,"(189, 192)"
378,Rua de Guimarei,Riba de Ave,"(20, 16)"
379,Rua de Guindes,S. Tiago da Carreira,"(135, 173)"
380,Rua de Joane,S.Tomé Negrelos,"(147, 39)"
381,Rua de José Bento Correia,Couto (S. Cristina e S. Miguel),"(9, 146)"
382,Rua de José Cavadas,Refojos,"(130, 3)"
383,Rua de José Narciso Martins da Costa,Sequeirô,"(72, 165)"
384,Rua de Lamelas de Baixo,Sequeirô,"(137, 199)"
385,Rua de Lavatães,Sequeirô,"(137, 121)"
386,Rua de Lerim,Vilarinho,"(66, 192)"
387,Rua de Leça,Rebordões,"(60, 38)"
388,Rua de Lubazim,Palmeira,"(127, 103)"
389,Rua de Luís de Camões,Vilarinho,"(29, 109)"
390,Rua de Marão,Água Longa,"(63, 113)"
391,Rua de Melgilde,Vilarinho,"(80, 68)"
392,Rua de Mirães,Reguenga,"(187, 39)"
393,Rua de Nossa Senhora da Guia,Rebordões,"(43, 145)"
394,Rua de Nossa Senhora de Fátima,Santo Tirso,"(170, 123)"
395,Rua de Nª Srª de Lurdes,Agrela,"(148, 156)"
396,Rua de Passos,Guimarei,"(164, 125)"
397,Rua de Paços,Vila Nova do Campo,"(151, 168)"
398,Rua de Pidre,Areias,"(37, 51)"
399,Rua de Quintães,Lamelas,"(37, 146)"
400,Rua de Quintão,Lama,"(194, 161)"
401,Rua de Ringe,Couto (S. Cristina e S. Miguel),"(138, 56)"
402,Rua de Rondães,Burgães,"(195, 60)"
403,Rua de Saint-Peray,Lama,"(61, 32)"
404,Rua de Sandim,Vila Nova do Campo,"(182, 188)"
405,Rua de Santa Clara,Areias,"(104, 153)"
406,Rua de Santa Eulália,Burgães,"(101, 127)"
407,Rua de Santa Luzia,Refojos,"(143, 164)"
408,Rua de Santa Maria,Vilarinho,"(63, 23)"
409,Rua de Santa Rita,Sequeirô,"(124, 51)"
410,Rua de Santiago,Santo Tirso,"(39, 120)"
411,Rua de Santo André,Santo Tirso,"(75, 16)"
412,Rua de Santo António,Água Longa,"(51, 84)"
413,Rua de Sendes,Vila das Aves,"(16, 172)"
414,Rua de Sendim,Burgães,"(33, 142)"
415,Rua de Silvalde,Couto (S. Cristina e S. Miguel),"(40, 58)"
416,Rua de Sobradelo,Refojos,"(60, 26)"
417,Rua de Sobregião,Burgães,"(97, 172)"
418,Rua de Sousa Trepa,Sequeirô,"(108, 73)"
419,Rua de São Bartolomeu,Agrela,"(112, 144)"
420,Rua de São Bento,Riba de Ave,"(186, 137)"
421,Rua de São Cristóvão,Santo Tirso,"(14, 50)"
422,Rua de São Francisco,Burgães,"(163, 170)"
423,Rua de São Gião,Lamelas,"(124, 132)"
424,Rua de São Gonçalo,Monte Córdova,"(25, 105)"
425,Rua de São José,Vila das Aves,"(77, 92)"
426,Rua de São João,Reguenga,"(154, 175)"
427,Rua de São João de Brito,Refojos,"(86, 173)"
428,Rua de São João de Deus,Água Longa,"(37, 144)"
429,Rua de São Lourenço,Reguenga,"(152, 55)"
430,Rua de São Miguel,Guimarei,"(30, 26)"
431,Rua de São Pedro,Areias,"(193, 36)"
432,Rua de São Roque,Sequeirô,"(1, 91)"
433,Rua de São Simão,S.Tomé Negrelos,"(93, 152)"
434,Rua de São Tiago,Vila Nova do Campo,"(111, 143)"
435,Rua de Tomaz Pelayo,Vilarinho,"(187, 191)"
436,Rua de Trás-da-Cerca,Vila das Aves,"(68, 79)"
437,Rua de Valverde,S.Tomé Negrelos,"(94, 187)"
438,Rua de Ventusela,Palmeira,"(177, 180)"
439,Rua de Vermoin,Vila das Aves,"(167, 154)"
440,Rua de Vila Chã,Santo Tirso,"(184, 155)"
441,Rua de Vilalva,Roriz,"(159, 92)"
442,Rua de Vilar,Rebordões,"(1, 73)"
443,Rua de Água Longa,Burgães,"(103, 92)"
444,Rua de Ângelo Andrade,Vilarinho,"(45, 158)"
445,Rua de Ângelo de Andrade ,Palmeira,"(30, 164)"
446,Rua do Agrelo,Água Longa,"(183, 142)"
447,Rua do Alcaide,Rebordões,"(150, 146)"
448,Rua do Alferes de Gião,Guimarei,"(137, 82)"
449,Rua do Alto da Bandeira,S.Tomé Negrelos,"(152, 106)"
450,Rua do Alto da Escorregadoura,Palmeira,"(41, 22)"
451,Rua do Alto de Sobrado,Agrela,"(169, 17)"
452,Rua do Alto de Vilar,Vila das Aves,"(115, 15)"
453,Rua do Alto do Fogo,Rebordões,"(39, 178)"
454,Rua do Alto do Sobrado,Monte Córdova,"(87, 197)"
455,Rua do Amieiro Galego,Agrela,"(34, 7)"
456,Rua do Arco,Couto (S. Cristina e S. Miguel),"(21, 115)"
457,Rua do Areal,Couto (S. Cristina e S. Miguel),"(109, 110)"
458,Rua do Areeiro,Água Longa,"(187, 98)"
459,Rua do Bacelo,S.Tomé Negrelos,"(105, 181)"
460,Rua do Bacêlo,Monte Córdova,"(91, 61)"
461,Rua do Bairro Novo,Burgães,"(123, 143)"
462,Rua do Bairro da Ponte,Vilarinho,"(6, 17)"
463,Rua do Barreiro,S.Tomé Negrelos,"(154, 51)"
464,Rua do Barroco,Sequeirô,"(101, 27)"
465,Rua do Beato Nuno Álvares,Vilarinho,"(129, 51)"
466,Rua do Bitareu,Rebordões,"(151, 46)"
467,Rua do Bocage,Lamelas,"(123, 55)"
468,Rua do Bom Nome,Couto (S. Cristina e S. Miguel),"(36, 138)"
469,Rua do Bombeiro Voluntário,Água Longa,"(192, 146)"
470,Rua do Cabo,Vilarinho,"(33, 156)"
471,Rua do Calvário,Sequeirô,"(121, 50)"
472,Rua do Campo Grande,Agrela,"(17, 18)"
473,Rua do Campo da Bola,Monte Córdova,"(23, 182)"
474,Rua do Campo de Futebol,Burgães,"(103, 178)"
475,Rua do Capitão,Vilarinho,"(20, 139)"
476,Rua do Caramulo,Vilarinho,"(94, 133)"
477,Rua do Cardal Landim,Vila Nova do Campo,"(92, 17)"
478,Rua do Carvalhal,S. Tiago da Carreira,"(33, 30)"
479,Rua do Casal,Agrela,"(147, 74)"
480,Rua do Casal Velho,S. Tiago da Carreira,"(77, 76)"
481,Rua do Chão da Presa,S. Tiago da Carreira,"(198, 10)"
482,Rua do Cinco de Outubro,Monte Córdova,"(97, 100)"
483,Rua do Comandante Eugénio Miranda ,Água Longa,"(49, 136)"
484,Rua do Conde São Bento,Refojos,"(90, 116)"
485,Rua do Conde de São Bento,Agrela,"(46, 186)"
486,Rua do Contim,Guimarei,"(124, 63)"
487,Rua do Convento,Vilarinho,"(43, 177)"
488,Rua do Cruzeiro,S.Tomé Negrelos,"(132, 103)"
489,Rua do Cruzeiro de Romão,Lama,"(54, 151)"
490,Rua do Cubículo,S. Tiago da Carreira,"(50, 146)"
491,Rua do Doutor António Augusto Pires de Lima,Vila das Aves,"(42, 103)"
492,Rua do Doutor Carneiro Pacheco,Burgães,"(67, 79)"
493,Rua do Doutor José Cardoso de Miranda,Santo Tirso,"(147, 24)"
494,Rua do Eiró,Água Longa,"(114, 125)"
495,Rua do Emigrante,Agrela,"(159, 15)"
496,Rua do Espírito Santo,S. Tiago da Carreira,"(120, 148)"
497,Rua do Facho,Água Longa,"(98, 131)"
498,Rua do Fictício,Rebordões,"(184, 158)"
499,Rua do Fontanário da Môrca,Burgães,"(121, 127)"
500,Rua do Foral,Sequeirô,"(60, 199)"
501,Rua do Freixieiro,Lamelas,"(144, 15)"
502,Rua do Frengo,Rebordões,"(135, 156)"
503,Rua do Giestal,Rebordões,"(69, 134)"
504,Rua do Infante Dom Henrique,Lama,"(26, 128)"
505,Rua do Infantário,Monte Córdova,"(177, 26)"
506,Rua do Jornal Santo Tirso,Água Longa,"(148, 148)"
507,Rua do Juncal,S.Tomé Negrelos,"(174, 74)"
508,Rua do Juncal de Cima,Vilarinho,"(46, 179)"
509,Rua do Leça,Agrela,"(157, 173)"
510,Rua do Longal,Lamelas,"(199, 198)"
511,Rua do Loteamento do Couço,Lama,"(157, 49)"
512,Rua do Loteamento do Facho,Areias,"(184, 8)"
513,Rua do Loureiro,Refojos,"(63, 190)"
514,Rua do Lubazim,S.Tomé Negrelos,"(26, 149)"
515,Rua do Monsenhor João Gonçalves da Costa,Lamelas,"(12, 5)"
516,Rua do Monte,Riba de Ave,"(140, 130)"
517,Rua do Monte Lombo,Guimarei,"(133, 88)"
518,Rua do Monte dos Saltos,Santo Tirso,"(44, 84)"
519,Rua do Montinho,Guimarei,"(44, 120)"
520,Rua do Mosteiro de Singeverga,Couto (S. Cristina e S. Miguel),"(183, 163)"
521,Rua do Olival,Santo Tirso,"(17, 112)"
522,Rua do Orgal,Lama,"(195, 29)"
523,Rua do Outeiro,Vila Nova do Campo,"(114, 127)"
524,Rua do Padre Américo,Areias,"(59, 103)"
525,Rua do Padrão,Refojos,"(36, 120)"
526,Rua do Parque Desportivo,Água Longa,"(43, 147)"
527,Rua do Penedo,Vilarinho,"(42, 113)"
528,Rua do Peso,Agrela,"(86, 117)"
529,Rua do Picoto,Lama,"(71, 7)"
530,Rua do Pombal,Reguenga,"(17, 8)"
531,Rua do Poço,Roriz,"(127, 3)"
532,Rua do Poço do Muro,Monte Córdova,"(96, 90)"
533,Rua do Preseiro,Lamelas,"(121, 8)"
534,Rua do Presinho,Santo Tirso,"(137, 158)"
535,Rua do Professor Doutor António Faria Carneiro Pacheco,Guimarei,"(193, 99)"
536,Rua do Professor Pires Fernandes,Reguenga,"(143, 132)"
537,Rua do Professor Sampaio de Carvalho,Lama,"(190, 136)"
538,Rua do Pé da Serra,Vila das Aves,"(115, 28)"
539,Rua do Ral,Monte Córdova,"(92, 32)"
540,Rua do Rancho Típico,Refojos,"(136, 125)"
541,Rua do Real,Sequeirô,"(84, 119)"
542,Rua do Recontro do Outeiro,Vila Nova do Campo,"(45, 8)"
543,Rua do Regedor,Santo Tirso,"(82, 163)"
544,Rua do Rego,Vila das Aves,"(51, 97)"
545,Rua do Ribeiro de Pousada,Burgães,"(122, 71)"
546,Rua do Ringe,Palmeira,"(12, 72)"
547,Rua do Rio,Rebordões,"(127, 15)"
548,Rua do Rio Ave,Couto (S. Cristina e S. Miguel),"(3, 78)"
549,Rua do Rio Vizela,Vilarinho,"(83, 156)"
550,Rua do Rioberto,S. Tiago da Carreira,"(39, 132)"
551,Rua do Romão,Sequeirô,"(184, 132)"
552,Rua do Salgueirinho,Couto (S. Cristina e S. Miguel),"(195, 161)"
553,Rua do Senhor do Calvário,Sequeirô,"(200, 62)"
554,Rua do Senhor dos Aflitos,Areias,"(54, 157)"
555,Rua do Serrado,Palmeira,"(123, 158)"
556,Rua do Sobrado,Santo Tirso,"(26, 200)"
557,Rua do Sol,Vila das Aves,"(73, 38)"
558,Rua do Souto,S.Tomé Negrelos,"(86, 135)"
559,Rua do Souto de Cima,Riba de Ave,"(118, 176)"
560,Rua do Subseixo,Palmeira,"(70, 110)"
561,Rua do Talegre,Água Longa,"(76, 166)"
562,Rua do Tapado,Lama,"(140, 50)"
563,Rua do Vale do Leça,Refojos,"(14, 100)"
564,Rua do Valongueiro,Água Longa,"(59, 144)"
565,Rua do Vau,Lamelas,"(74, 6)"
566,Rua do Velal; Rua da Pousada,Reguenga,"(61, 183)"
567,Rua do Vila,Santo Tirso,"(62, 160)"
568,Rua do Viso,Roriz,"(196, 160)"
569,Rua dos 5 Caminhos,Refojos,"(62, 156)"
570,Rua dos Campinhos,Lamelas,"(63, 27)"
571,Rua dos Carvalhais,Areias,"(46, 157)"
572,Rua dos Casais,Agrela,"(153, 71)"
573,Rua dos Castanheiros,Vila das Aves,"(38, 18)"
574,Rua dos Combatentes,Refojos,"(126, 167)"
575,Rua dos Corgos,Reguenga,"(160, 49)"
576,Rua dos Correios,Vilarinho,"(134, 156)"
577,Rua dos Emigrantes,Vila das Aves,"(42, 32)"
578,Rua dos Fontiscos,Rebordões,"(6, 145)"
579,Rua dos Frinjos,Agrela,"(161, 11)"
580,Rua dos Lamais,Rebordões,"(129, 183)"
581,Rua dos Lameirões,Monte Córdova,"(98, 12)"
582,Rua dos Mogos,S.Tomé Negrelos,"(162, 186)"
583,Rua dos Moinhos,Monte Córdova,"(124, 150)"
584,Rua dos Mouros,Água Longa,"(162, 115)"
585,Rua dos Mulatinhos,Riba de Ave,"(150, 48)"
586,Rua dos Pastorinhos de Fátima,Agrela,"(16, 161)"
587,Rua dos Pinocos,Lamelas,"(98, 62)"
588,Rua dos Pombais,Vila Nova do Campo,"(94, 57)"
589,Rua dos Portos,Palmeira,"(29, 126)"
590,Rua dos Pregos,Burgães,"(160, 103)"
591,Rua dos Santos Populares,Vilarinho,"(177, 172)"
592,Rua dos Sarnados,Lama,"(168, 150)"
593,Rua dos Tulipeiros,Couto (S. Cristina e S. Miguel),"(104, 54)"
594,Rua dos Velhos,S.Tomé Negrelos,"(190, 35)"
595,Rua Álvaro Sousa Marques,Agrela,"(198, 148)"
596,Travessa 1 da Rua da Quinta do Couço,S. Tiago da Carreira,"(170, 18)"
597,Travessa 1 da Rua de Agra de Moinhos,Reguenga,"(189, 43)"
598,Travessa 1 da Rua de Várzea,Santo Tirso,"(97, 32)"
599,Travessa 2 da Rua José Luís Dias Barbosa,Palmeira,"(125, 135)"
600,Travessa 2 da Rua de Agra de Moinhos,Guimarei,"(167, 197)"
601,Travessa 2 da Rua de Aldares,Reguenga,"(31, 9)"
602,Travessa 25 de Abril,S. Tiago da Carreira,"(162, 101)"
603,Travessa 3 da Rua de Aldares,Couto (S. Cristina e S. Miguel),"(159, 184)"
604,Travessa 3 da Rua de Bougado,Lamelas,"(28, 78)"
605,Travessa 4 de Abril de 1955,Rebordões,"(133, 123)"
606,Travessa Alberto Pimentel,Lama,"(38, 171)"
607,Travessa Aldeia do Monte,S. Tiago da Carreira,"(103, 114)"
608,Travessa Chão da Presa,Palmeira,"(70, 28)"
609,Travessa Devesa,Couto (S. Cristina e S. Miguel),"(62, 143)"
610,Travessa Doutor Joaquim Ferreira,Riba de Ave,"(191, 36)"
611,Travessa Doutor José Cardoso Miranda,Refojos,"(95, 51)"
612,Travessa Engenheiro José Guimarães,Roriz,"(100, 91)"
613,Travessa Gabriel Cardoso Miranda,Água Longa,"(163, 31)"
614,Travessa Luís Areal,Burgães,"(67, 133)"
615,Travessa Papa João XXIII,Agrela,"(116, 33)"
616,Travessa Primeiro de Maio,Areias,"(35, 8)"
617,Travessa Professor Hermano Padrão,Reguenga,"(80, 78)"
618,Travessa Ribeiro de Ringe,Monte Córdova,"(164, 146)"
619,Travessa Rua A da Sobreira,Monte Córdova,"(34, 169)"
620,Travessa Rua de Valverde,Rebordões,"(42, 71)"
621,Travessa Rua do Bacêlo,Monte Córdova,"(190, 3)"
622,Travessa Senhora da Saúde 2,Refojos,"(14, 148)"
623,Travessa Seonha da Saúde 1,Rebordões,"(137, 60)"
624,Travessa da Agra,Roriz,"(116, 76)"
625,Travessa da Alegría,Vila das Aves,"(196, 105)"
626,Travessa da Ameixoeira,S.Tomé Negrelos,"(131, 18)"
627,Travessa da Boavista,Monte Córdova,"(175, 187)"
628,Travessa da Calçada,Vila das Aves,"(175, 181)"
629,Travessa da Carreira,Palmeira,"(44, 18)"
630,Travessa da Cedofeita,Areias,"(142, 17)"
631,Travessa da Citânia,Refojos,"(68, 103)"
632,Travessa da Devessa,Vilarinho,"(189, 39)"
633,Travessa da Escola Secundária,Riba de Ave,"(176, 50)"
634,Travessa da Fonte,Vila das Aves,"(82, 13)"
635,Travessa da Fonte de Censo,Rebordões,"(10, 30)"
636,Travessa da Fonte de Diniz,Água Longa,"(113, 134)"
637,Travessa da Igreja,Burgães,"(179, 136)"
638,Travessa da Lage,Vilarinho,"(2, 59)"
639,Travessa da Liberdade,Palmeira,"(51, 44)"
640,Travessa da Nossa Senhora da Assunção,Vilarinho,"(100, 164)"
641,Travessa da Ponte da Pinguela,Areias,"(65, 134)"
642,Travessa da Pousada,S. Tiago da Carreira,"(40, 185)"
643,Travessa da Presa da Ribeira,Vila Nova do Campo,"(67, 10)"
644,Travessa da Presa do Moinho,Reguenga,"(79, 52)"
645,Travessa da Póvoa,Santo Tirso,"(55, 176)"
646,Travessa da Quelha da Tiana,Palmeira,"(143, 37)"
647,Travessa da Rua A das Portelas,Rebordões,"(14, 169)"
648,Travessa da Rua da Indústria,Santo Tirso,"(105, 53)"
649,Travessa da Sanguinha,Vila das Aves,"(91, 89)"
650,Travessa da Senhora Seca,S. Tiago da Carreira,"(69, 20)"
651,Travessa da Telha,Burgães,"(172, 166)"
652,Travessa da Torna,Lama,"(179, 8)"
653,Travessa das Agras,Palmeira,"(182, 141)"
654,Travessa das Bocas,Guimarei,"(173, 8)"
655,Travessa das Carvalheiras,Lamelas,"(109, 37)"
656,Travessa das Doceiras,Roriz,"(69, 70)"
657,Travessa das Flores,S.Tomé Negrelos,"(11, 76)"
658,Travessa das Fontaínhas,Reguenga,"(62, 128)"
659,Travessa das Rãs,Burgães,"(94, 162)"
660,Travessa de Bonjardim,Lama,"(63, 56)"
661,Travessa de Cela,S. Tiago da Carreira,"(70, 155)"
662,Travessa de Devessinha,Couto (S. Cristina e S. Miguel),"(167, 98)"
663,Travessa de Guindes,Couto (S. Cristina e S. Miguel),"(124, 23)"
664,Travessa de Nossa Senhora de Fátima,Santo Tirso,"(125, 26)"
665,Travessa de Ringe,Santo Tirso,"(1, 54)"
666,Travessa de Rondães,Burgães,"(91, 88)"
667,Travessa de Sandim,Riba de Ave,"(125, 107)"
668,Travessa de Santa Eulália,Guimarei,"(160, 3)"
669,Travessa de Santo André,Couto (S. Cristina e S. Miguel),"(7, 105)"
670,Travessa de Sarnados,Riba de Ave,"(121, 107)"
671,Travessa do Agrelo,Santo Tirso,"(195, 143)"
672,Travessa do Alcaide,Santo Tirso,"(109, 180)"
673,Travessa do Alto do Monte,Riba de Ave,"(86, 188)"
674,Travessa do Barreiro,Sequeirô,"(113, 196)"
675,Travessa do Bitareu,Riba de Ave,"(45, 81)"
676,Travessa do Calvário,Vilarinho,"(45, 111)"
677,Travessa do Campo Grande,Lamelas,"(44, 191)"
678,Travessa do Cinco de Outubro,Lamelas,"(73, 52)"
679,Travessa do Cruzeiro,Agrela,"(89, 113)"
680,Travessa do Facho,Água Longa,"(192, 40)"
681,Travessa do Fial,Monte Córdova,"(26, 55)"
682,Travessa do Juncal,Vilarinho,"(57, 11)"
683,Travessa do Monte Lombão,Rebordões,"(190, 28)"
684,Travessa do Outeiro,Roriz,"(17, 193)"
685,Travessa do Rioberto,Vila Nova do Campo,"(83, 86)"
686,Travessa do Salgueirinho,Couto (S. Cristina e S. Miguel),"(154, 97)"
687,Travessa do Senhor dos Aflitos,Palmeira,"(100, 40)"
688,Travessa do Valongueiro,Água Longa,"(37, 93)"
689,Travessa do Vau,Vila das Aves,"(36, 40)"
690,Travessa do tapado,Monte Córdova,"(44, 134)"
691,Travessa dos Campinhos,Roriz,"(31, 107)"
692,Travessa dos Corgos,Monte Córdova,"(188, 100)"
693,Urbanização Pé de Prata,S. Tiago da Carreira,"(197, 43)"
694,Urbanização de Bom Nome,Sequeirô,"(190, 80)"
695,Viela das Carvalheiras,Sequeirô,"(1, 105)"
696,Zona Industrial de Poupa,Roriz,"(96, 192)"
697,Green Distribution,Reguenga,"(115, 123)"
